<?xml version="1.0" encoding="UTF-8"?>
<beans xmlns="http://www.springframework.org/schema/beans"
	xmlns:xsi="http://www.w3.org/2001/XMLSchema-instance"
	xmlns:aop="http://www.springframework.org/schema/aop"
	xmlns:context="http://www.springframework.org/schema/context"
	xmlns:mvc="http://www.springframework.org/schema/mvc"
	xmlns:security="http://www.springframework.org/schema/security"
	xsi:schemaLocation="http://www.springframework.org/schema/beans http://www.springframework.org/schema/beans/spring-beans-4.3.xsd
		http://www.springframework.org/schema/aop http://www.springframework.org/schema/aop/spring-aop-4.3.xsd
		http://www.springframework.org/schema/context http://www.springframework.org/schema/context/spring-context-4.3.xsd
		http://www.springframework.org/schema/mvc http://www.springframework.org/schema/mvc/spring-mvc-4.3.xsd
		http://www.springframework.org/schema/security http://www.springframework.org/schema/security/spring-security.xsd">

<mvc:annotation-driven></mvc:annotation-driven>
<context:annotation-config></context:annotation-config>
<context:property-placeholder location="classpath:jdbc.properties"/>
<context:component-scan base-package="com.pass.*"></context:component-scan>

<bean id="RestWebService" class="com.pass.restservice.RestWebService"></bean>
<bean id="BadmintonFixures" class="com.pass.model.BadmintonFixures"></bean>
<bean id="BadmintonResults" class="com.pass.model.BadmintonResults"></bean>
<bean id="ContactUs" class="com.pass.model.ContactUs"></bean>
<bean id="Games" class="com.pass.model.Games"></bean>
<bean id="RegisterBadminton" class="com.pass.model.RegisterBadminton"></bean>
<bean id="springSecurityFilterChain" class="org.springframework.web.filter.DelegatingFilterProxy"></bean>

<bean id="dataSource" class="org.springframework.jdbc.datasource.DriverManagerDataSource">
	<property name="driverClassName" value="${jdbc.driverClassName}"></property>
	<property name="url" value="${jdbc.url}"></property>
	<property name="username" value="${jdbc.username}"></property>
	<property name="password" value="${jdbc.password}"></property>
</bean>


</beans>
