<?xml version="1.0" encoding="UTF-8"?>
<beans xmlns="http://www.springframework.org/schema/beans"
	xmlns:xsi="http://www.w3.org/2001/XMLSchema-instance"
	xmlns:mvc="http://www.springframework.org/schema/mvc"
	xmlns:security="http://www.springframework.org/schema/security"
	xsi:schemaLocation="http://www.springframework.org/schema/beans http://www.springframework.org/schema/beans/spring-beans-4.3.xsd
		http://www.springframework.org/schema/mvc http://www.springframework.org/schema/mvc/spring-mvc-4.3.xsd
		http://www.springframework.org/schema/security http://www.springframework.org/schema/security/spring-security-4.2.xsd">

	<security:http pattern="/favicon.ico" security="none"/> 
	
	<security:global-method-security secured-annotations="enabled" pre-post-annotations="enabled" />
	
	<security:http auto-config="true">
		<security:intercept-url pattern="/passdb/*" access="hasAuthority('ADMIN')" />	
		<security:intercept-url pattern="/" access="permitAll"/>
		<security:form-login login-page="/login" username-parameter="username" password-parameter="password"
		  authentication-failure-url="/login?status=LOGIN_FAILURE"
		  default-target-url="/passdb/passtables"
          always-use-default-target="true" />		
		<security:logout logout-url="/logout" logout-success-url="/login?status=Signin"/>
	</security:http>
	
	<security:authentication-manager>
		<security:authentication-provider>
			<security:jdbc-user-service data-source-ref="dataSource"
				users-by-username-query="select email,password,status from user_info where email = ?"
				authorities-by-username-query="select email,roles from user_info where email = ?"
			/>
		</security:authentication-provider>
	</security:authentication-manager>
</beans>
